Sentence.id,Sentence.sen
1,बीजेपी सांसद शत्रुघ्न सिन्हा ने शनिवार रात करीब 10 बजे सीएम नीतीश कुमार से उनके सरकारी आवास पर मुलाकात की .
2,सिन्हा और कुमार के बीच मुलाकात मुख्यमंत्री आवास में हुई .
3,मुंबई हमले के दोषी याकूब मेमन की फांसी के विरोध में अब बॉलीवुड के सुपरस्टार सलमान खान भी आ गए हैं ।
4,बॉलीवुड के सुपरस्टार सलमान खान ने खुले तौर पर याकूब मेमन को फांसी दिए जाने का विरोध किया है ।
5,"बीती रात सलमान खान ने 51 मिनट में एक के बाद एक 14 ट्विट किये , और याकूब को बेगुनाह बताया ."
6,सलमान ने शनिवार देर कई सारे ट्वीट करके याकूब का समर्थन किया ।
7,"दिल्ली के पटियाला कोर्ट ने क्रिकेटर एस श्रीसंत , अंकित चव्हाण और अजित चंडीला को स्पॉट फ़िक्सिंग के आरोप से बरी कर दिया है ।"
8,"आईपीएल स्पॉट फिक्सिंग में दिल्ली की मकोका कोर्ट ने अपना फैसला सुनाते हुए एस श्रीसंत , अशोक चंदीला और अंकित चव्हाण को सबूतों के अभाव में बरी कर दिया गया है ।"
9,"ये मामला 2013 में उस वक़्त शुरू हुआ जब दिल्ली पुलिस ने स्पॉट फ़िक्सिंग के आरोप में श्रीसंत , अंकित चव्हाण और अजीत चंडीला को गिरफ़्तार किया था ।"
10,NULL गौरतलब है कि तीनों ही खिलाड़ियों पर 2013 में स्पॉट फिक्सिंग के मामले में गिरफ्तार किया गया था ।
11,पारंपरिक लिबास में पहुंचीं तो नहीं दे पाईं मेडिकल की परीक्षा ।
12,पारंपरिक लिबास में पहुंचीं नन नहीं दे पाईं पीएमटी ।
13,जापान की राजधानी टोक्यो के रिहायशी इलाके में रविवार को एक छोटा विमान दुर्घटनाग्रस्त हो गया ।
14,टोक्यो में रिहायशी इलाके में क्रैश होकर गिरा छोटा विमान ।
15,मिस्र के उत्तरी सिनाई में सेना की छापेमारी में 12 चरमपंथियों की मौत
16,मिस्र की नील नदी में गत बुधवार को हुई नौका दुर्घटना के बाद नदी से 15 और शव निकाले ।
17,स्वच्छ भारत अभियान भारत सरकार द्वारा चलायी गयी एक स्वच्छता मिशन है ।
18,स्वच्छ भारत अभियान एक राष्ट्रव्यापी सफाई अभियान के रूप में प्रधानमंत्री नरेंद्र मोदी द्वारा शुरू की गई एक स्वच्छता अभियान है ।
19,स्वच्छ भारत मिशन या स्वच्छ भारत अभियान भारत सरकार द्वारा चलाया गया एक विशाल जन आंदोलन है जोकि पूरे भारत में सफाई को बढ़ावा देता है ।
20,राष्ट्र पिता महात्मा गांधी ने भारत को एक स्वच्छ भारत बनाने का सपना देखा और इसके लिए हमेशा कठिन प्रयास किये .
21,राष्ट्र पिता महात्मा गांधी ने भारत को एक स्वच्छ भारत बनाने का सपना देखा .
22,भारत को एक स्वच्छ देश बनाना राष्ट्र पिता महात्मा गांधी का एक सपना था .
23,महात्मा गांधी ने अपने वक्त में नारों द्वारा और लोगों को प्रेरित करके स्वच्छ भारत की कोशिश की थी ।
24,महात्मा गांधी ने अपने वक्त में नारों द्वारा और लोगो को प्रेरित करके स्वच्छ भारत का कठिन प्रयास किया ।
25,राष्ट्र पिता महात्मा गांधी ने भारत को एक स्वच्छ भारत बनाने के लिए हमेशा कठिन प्रयास किये ।
26,राष्ट्र पिता महात्मा गांधी ने भारत को एक स्वच्छ भारत बनाने के लिए हमेशा कोशिश की थी ।
27,भारत के प्रधानमंत्री ने महात्मा गांधी के जन्मदिन ( 2 अक्टूबर 2014 ) पर स्वच्छ भारत अभियान नामक एक अभियान शुरू किया ।
28,भारत के प्रधानमंत्री नरेन्द्र मोदी ने आधिकारिक रुप से स्वच्छ भारत अभियान की शुरुआत 2 अक्टूबर 2014 गाँधी जयंती के दिन नई दिल्ली के राजघाट पर किया ।
29,2 अक्टूबर 2014 को महात्मा गांधी की 145 वें जन्मदिन के शुभ अवसर पर स्वच्छ भारत अभियान को शुरू किया गया था ।
30,ये एक बड़ा आंदोलन है जिसके तहत भारत को 2019 तक पूर्णंत : स्वच्छ बनाना है .
31,भारत सरकार 2 अक्टूबर 2019 तक भारत को स्वच्छ भारत बनाने का उद्देश्य रखे है ।
32,इस अभियान के पूरा होने का लक्ष्य 2019 है जो कि महात्मा गांधी की 150 वीं जयंती है ।
33,महात्मा गांधी की 150 वीं जयंती के अवसर पर इस अभियान को समाप्त करने का लक्ष्य रखा गया है ।
34,ईद के अवसर पर सेवइयां आदि बनाई जाती है .
35,ईद के दिन मुसलमानों के घर मीठी सेवइयां बनती हैँ ।
36,सिवैयां और मिठाइयां खाई और खिलाई जाती हैं ।
37,पंछी नदी में स्नान कर रहा है .
38,पंछी अपने आप को तालाब में धो रहा है ।
39,"मई 2010 में , सैनिकों ने काबुल पर आक्रमण करने का प्रयास किया ।"
40,अमेरिका सेना ने पिछले साल 7 मई 2010 को काबुल पर हमला किया ।
41,राम को गवाह माना जा रहा है NULL संदिग्ध नहीं NULL ।
42,अब राम कोई संदिग्ध नहीं रहा ।
43,वे समूहों में घोंसले से बाहर उड़ गए ।
44,वे एक साथ घोंसले से उड़े ।
45,महिला वायलिन बजा रही है ।
46,इस खूबसूरत स्त्री को गिटार सुनने में आनंद मिलता है ।
47,जवान औरत को गिटार सुनने में आनंद मिलता है ।
48,इस दिन लोग अपने पुराने लड़ाई झगडे भूलकर एक दूसरे से गले मिलते हैं ।
49,लोग गले मिलकर ईद मुबारक देते हैं ।
50,रंजना ने सलमान को गले मिलकर ईद मुबारक कहा ।
51,श्री कृष्णजन्माष्टमी भगवान श्री कृष्ण का जन्मोत्स्व है ।
52,कृष्णजन्माष्टमी श्री कृष्ण के जन्मदिन के रूप में मनाई जाती है ।
53,श्रीकृष्ण जन्माष्टमी के पावन मौके पर भगवान कान्हा की मोहक छवि देखने के लिए दूर दूर से श्रद्धालु आज के दिन मथुरा पहुंचते हैं .
54,कृष्ण जन्मभूमि पर देश–विदेश से लाखों श्रद्धालुओं की भीड़ उमड़ती है .
55,श्रीकृष्ण जन्माष्टमी के अवसर पर देश - विदेश से लाखों श्रद्धालुओं की भीड़ मथुरा उमड़ती है ।
56,कल रात राम की एक दुर्घटना में मौत हुई ।
57,शनिवार को एक ऐक्सीडेंट में राम मर गया ।
58,राम भक्तों के अनुसार दीवाली वाले दिन अयोध्या के राजा राम लंका के अत्याचारी राजा रावण का वध करके अयोध्या लौटे थे ।
59,हिंदू मान्यताओं में राम भक्तों के अनुसार भगवान श्री रामचंद्रजी चौदह वर्ष का वनवास काटकर तथा असुरी वृत्तियों के प्रतीक रावणादि का संहार करके अयोध्या लौटे थे ।
60,हिंदू मान्यताओं में राम भक्तों के अनुसार भगवान श्री रामचंद्रजी असुरी वृत्तियों के प्रतीक रावणादि का संहार करके अयोध्या लौटे थे ।
61,प्रचलित मान्यता के अनुसार यह त्योहार हिरण्यकशिपु की बहन होलिका के मारे जाने की स्मृति में मनाया जाता है ।
62,यह त्यौहार होलिका के मारे जाने की स्मृति में मनाया जाता है ।
63,होली एक रंगबिरंगा मस्ती भरा पर्व है ।
64,होली मस्ती और उमंग का त्योहार है ।
65,यह त्योहार रंगों का त्योहार है ।
66,होलिका को आग में न जलने का वरदान प्राप्त था ।
67,हिरण्यकशिपु की बहन होलिका को वरदान प्राप्त था कि वह आग में भस्म नहीं हो सकती ।
68,अमरनाथ यात्रा के बेस कैंप में बादल फटने से 2 लोगों की मौत हो गई है ।
69,अमरनाथ यात्रा के बालाटाल कैंप में बादल फटने और इसके कारण अचानक आई बाढ़ की वजह से दो बच्चों की मौत हो गई ।
70,शनिवार को मंच पर प्रधानमंत्री मोदी के साथ मंच पर बिहार के मुख्यमंत्री नीतीश कुमार भी मौजूद भी थे .
71,मोदी के साथ बिहार के सीएम नीतीश कुमार ने भी मंच साझा किया ।
72,जहां मोदी ने बिहार के सीएम नीतीश कुमार के साथ मंच साझा किया ।
73,मैं वादा करता हूं कि बिहार को 50 हज़ार करोड़ रुपए से भी ज़्यादा का पैकेज दूंगा ।
74,मोदी ने कहा था 50 हजार करोड़ का पैकेज बिहार को दिया जाएगा ।
75,देश के विकास के लिए राज्यों का विकास जरूरी है ।
76,राज्यों के बीच भी विकास को लेकर स्पर्धा का माहौल बनता जा रहा है ।
77,प्रधानमंत्री नरेंद्र मोदी आज बिहार दौरे पर है ।
78,प्रधानमंत्री नरेंद्र मोदी आज एक दिवसीय बिहार यात्रा पर हैं ।
79,बिहार दौरे पर आए प्रधानमंत्री नरेंद्र मोदी पटना के बाद मुजफ्फरपुर पहुंच गए हैं ।
80,पीएम मोदी ने रेल मंत्री सुरेश प्रभु के साथ पटना - मुंबई एसी ट्रेन का उद्घाटन किया ।
81,नीतीश कुमार के साथ मंच पर मौजूद पीएम ने की नई रेल सेवा का शुभारंभ ।
82,आईआईटी पटना के नए कैंपस का लोकार्पण किया गया ।
83,पीएम मोदी ने यहां आईआईटी पटना के कैंपस का उद्घाटन किया ।
84,पीएम मोदी ने दनियावा - बिहार शरीफ रेल लाइन को भी हरी झंडी दिखाई ।
85,प्रधानमंत्री नरेंद्र मोदी ने दनियावां - बिहार शरीफ नई रेल लाइन का उद्घाटन किया ।
86,"पीएम मोदी के मंच पर नीतीश कुमार , रामविलास पासवान , रविशंकर और शत्रुघ्न सिन्हा समेत कई वरिष्ठ नेता मौजूद हैं ।"
87,"रैली में केंद्रीय मंत्री और लोजपा सुप्रीमो रामविलास पासवान , उपेंद्र कुशवाहा , राजीव प्रताप रूढ़ी , रवि शंकर प्रसाद , रामकृपाल यादव , नेता प्रतिपक्ष सुशील मोदी , भाजपा के प्रदेश अध्यक्ष मंगल पांडेय , NULL नंद किशोर यादव भी मुजफ्फपुर की सभा में पहुंचे हैं ।"
88,क्या बिहार को स्पेशल स्टेटस मिल पाएगा ?
89,आपने बिहार को स्पेशल स्टेटस देने का वादा किया था ।
90,पीएम ने पटना में दीन दयाल उपाध्याय ग्राम ज्योति योजना ( दीदउग्रज्यय ) लॉन्च की ।
91,प्रधानमंत्री ने यहां दीन दयाल उपाध्याय ग्राम ज्योति योजना को हरी झंडी दिखाई ।
92,प्रधानमंत्री ने दीनदयाल उपाध्याय ग्रामीण ज्योति योजना भी लॉन्च की ।
93,कार्यक्रम आरंभ होने से पहले दोनों नेता एक दूसरे से गुफ्तगू भी करते नजर आए ।
94,इस दौरान दोनों ने मुस्कराते हुए एक दूसरे से बातचीत की ।
95,वहीं आइबी ने पटना में आज होने वाली रैली दौरान मोदी पर मानव बम से हमले का अलर्ट जारी किया है ।
96,आईबी के अलर्ट के बाद से सुरक्षा बलों ने पीएम के दौरे को लेकर खास इंतजाम किए हैं ।
97,आईटीआई में इन्क्यूबेशन सेंटर फॉर मेडिकल इलेक्ट्रॉनिक्स को लॉन्च किया ।
98,आईटीआई में इन्क्यूबेशन सेंटर फॉर मेडिकल इलेक्ट्रॉनिक्स का शुभारंभ व शिलान्यास ।
99,आईआईटी पटना के परिसर के लोकार्पण के साथ ही उन्होंने इन्‍क्यूबेशन सेंटर ऑफ मेडिकल इलेक्ट्रॉनिक्‍स का शिलान्यास किया ।
100,परिवर्तन रैली को संबोधित करने के लिए पीएम नरेंद्र मोदी मजफ्फरपुर में ।
101,प्रधानमंत्री नरेंद्र मोदी चक्कर मैदान में आयोजित भाजपा की रैली को संबोधित करेंगे ।
102,ईद पर रिलीज हुई सलमान खान की फिल्म ' बजरंगी भाईजान ' ने एक और रिकॉर्ड बना लिया है ।
103,फिल्म ' बजरंगी भाईजान ' ईद से एक दिन पहले 17 जुलाई को रिलीज हुई थी ।
104,' बजरंगी भाईजान ' ईद से एक दिन पहले शुक्रवार को रिलीज हुई ।
105,' बजरंगी भाईजान ' सबसे तेज़ 100 करोड़ कमाई करने वाली फ़िल्म भी बनी ।
106,‘ बजरंगी भाईजान ’ ने भारत में पहले सप्ताहांत में 100 करोड़ रूपये का करोबार किया है ।
107,भारत में पहले सप्ताहांत में फिल्म ने 100 करोड़ का व्यापार किया है ।
108,"कबीर खान निर्देशित फिल्म में करीना कपूर खान , नवाजुद्दीन सिद्दकी और बाल कलाकार हरशाली मल्होत्रा मुख्य भूमिका में हैं ।"
109,"फिल्म में सलमान खान , करीना कपूर खान और नवाज़ुद्दीन सिद्दीकी ने मुख्य भूमिकाएं निभाई हैं ।"
110,फिल्‍म में करीना कपूर खान और नवाजुद्दीन सिद्दिकी मुख्‍य भूमिका में हैं ।
111,फिल्म में सलमान के अलावा नवाजुद्दीन सिद्दीकी भी मुख्य भूमिका में हैं ।
112,"निर्देशक कबीर खान की हालिया रिलीज फिल्‍म  बजरंगी भाईजान "" में सलमान खान की मुन्‍नी ( हर्षाली मल्‍होत्रा ) का कहना है कि सलमान अंकल उसे पागल कहकर बुलाते थे ."""
113,"कबीर खान के निर्देशन में बनी हालिया रिलीज फिल्‍म  बजरंगी भाईजान "" में मुख्‍य भूमिका निभाने वाली मासूम अभिनेत्री हर्षाली मल्‍होत्रा का कहना है कि उसकी फेवरेट हीरोइन करीना कपूर और कैटरीना कैफ हैं ।"""
114,ललित मोदी के लिए सिफारिश नहीं की ।
115,"सुषमा स्वराज ने कहा , ब्रिटिश सरकार से ललित मोदी की कोई सिफारिश नहीं की ।"
116,मैंने ललित मोदी के ट्रैवल डॉक्युमेंट के लिए प्रार्थना नहीं की ।
117,पुलिस कमिश्नर बीएस बस्सी ने सीएम केजरीवाल को दी खुली बहस की चुनौती ।
118,दिल्ली पुलिस के कमिश्नर बीएस बस्सी ने मुख्यमंत्री अरविंद केजरीवाल को खुली बहस की चुनौती दी है ।
119,"25 जुलाई को अदालत ने श्रीसंत , चंदीला व चव्हाण समेत सभी 36 लोगों को आरोपमुक्त किया ."
120,अतिरिक्त सत्र न्यायाधीश नीना बंसल कृष्णा ने सभी 36 लोगों को बरी करने वाला फैसला सुनाया .
121,श्रीसंत और अंकित चव्हाण पर बोर्ड ने आजीवन प्रतिबंध लगाया था जबकि चंदीला के मामले की सुनवाई जारी है ।
122,"6 मई 2013 को राजस्थान रॉयल्स के क्रिकेटर एस. श्रीसंत , अजीत चंदीला व अंकित चव्हाण को गिरफ्तार किया गया ।"
123,दाउद एवं शकील सहित छह लोगों को भगोड़ा घोषित किया जा चुका है .
124,"30 सिंतबर को अदालत ने दाऊद , NULL छोटा शकील समेत छह को भगोड़ा घोषित किया ."
125,अगर ये कहेंगे कि पुलिस अच्छा काम कर रही है तो कुछ हासिल नहीं होगा .
126,दिल्ली पुलिस पर नियंत्रण करने से पुलिस के प्रदर्शन पर बुरा असर पड़ेगा .
127,बीते कुछ दिनों से दिल्ली पुलिस पर आम आदमी पार्टी द्वारा अपनी जिम्मेदारियां ठीक से नहीं निभाने के आरोप लगाए जा रहे हैं .
128,महाराष्ट्र सरकार ने याकूब की फांसी के लिए 22 लाख रुपए के खर्च को भी मंजूरी दे दी है .
129,फांसी के लिए महाराष्ट्र सरकार ने 22 लाख रुपए का बजट मंजूर किया है .
130,महाराष्ट्र के गृह विभाग ने एक सरकारी प्रस्ताव जारी कर नागपुर जेल के ‘ हैंगिंग यार्ड ’ सेल में एक ओवरहेड ग्रिल - सीलिंग लगाने के लिए 22 लाख रूपए की मंजूरी दी थी .
131,याकूब को फांसी दिए जाने की जिम्मेदारी मुख्य रूप से नागपुर के जेल सुपरिटेंडेंट योगेश देसाई पर है .
132,बल्कि याकूब को सूली पर चढ़ाने वाला एक जेल सुपरिटेंडेंट होगा .
133,भारतीय सेना प्रमुख जनरल दलबीर सिंह सुहाग ने कहा है कि भारत दूसरा कारगिल युद्ध नहीं होने देगा .
134,सेना प्रमुख जनरल दलबीर सिंह सुहाग ने आज कहा कि सैन्य बल कभी भी कारगिल जैसा युद्ध होने नहीं देगा .
135,जम्मू - कश्मीर के बालटाल में बादल फटने से दो बच्चों समेत तीन लोगों की मौत हो गई .
136,"बालटाल में अमरनाथ यात्रा बेस कैंप के पास बादल फटा , NULL दो मरे ."
137,आइपीएल स्पॉट फिक्सिंग :
138,"श्रीसंत , चंदीला और चह्वाण बेदाग साबित हुए ."
139,"ईफ्एल स्पॉट फिक्सिंग केस में क्रिकेटरों को बड़ी राहत , श्रीसंत समेत तीनों दोषी क्रिकेटर बरी ."
140,"ओझा की फिरकी ने दिखाया दम , NULL इंडिया ' ए ' ने हासिल की बढ़त ."
141,"ओझा का ' पंजा ' , भारत - ए की ऑस्ट्रेलिया - ए पर बढ़त ."
142,"रिलायंस इंडस्ट्रीज लिमिटेड ( आर. आई. एल. ) का जून में समाप्त पहली तिमाही का एकीकृत शुद्ध लाभ 4.4 प्रतिशत बढ़कर 6,222 करोड़ रुपये हो गया है ।"
143,रिलायंस इंडस्ट्री का वित्त वर्ष 2016 की पहली तिमाही में कंसोलिडेटेड मुनाफा 5957 करोड़ रुपये से बढ़कर 6222 करोड़ रुपये हो गया है ।
144,"आरबीआई ने 23 जुलाई , 2015 को बैंकिंग नियमन कानून , 1949 की धारा 22 ( 1 ) के तहत भारत में बैंकिंग कारोबार करने के लिए आईडीएफसी बैंक लिमिटेड को बैंकिंग लाइसेंस दिया है ."
145,"आरबीआई ने 23 जुलाई , 2015 को बैंकिंग नियमन कानून , 1949 की धारा 22 ( 1 ) के तहत भारत में बैंकिंग कारोबार करने के लिए आईडीएफसी बैंक लिमिटेड को बैंकिंग लाइसेंस प्रदान किया है ."
146,इंडियन फाइनेंशियल कोड ( आईएफसी ) का संशोधित मसौदा गुरुवार को जारी किया गया .
147,वित्त मंत्रालय ने भारतीय वित्तीय संहिता [ आईएफसी ] का संशोधित मसौदा जारी किया है .
148,नासा ने पृथ्वी की तरह एक दूसरे ग्रह ‘ कैप्लर 452बी ' को खोज निकाला है .
149,नासा के केपलर अंतरिक्ष दूरबीन ने सौर मंडल से बाहर पृथ्वी के जैसा एक नया ग्रह खोजा है .
150,कारगिल विजय दिवसः
151,"शहीदों को देश कर रहा नमन , NULL पीएम ने दी श्रद्धांजलि ."
152,विजय दिवस :
153,"कारगिल के शहीदों को राष्ट्र कर रहा है नमन , NULL प्रधानमंत्री ने दी श्रद्धांजलि ."
154,सामाजिक कार्यकर्ता अन्ना हजारे ने रविवार को दिल्ली में जंतर - मंतर पहुंचे NULL ' वन रैंक वन पेंशन ' योजना लागू नहीं करने के खिलाफ प्रदर्शन कर रहे पूर्व सैन्यकर्मियों के समर्थन में आवाज उठाई .
155,सामाजिक कार्यकर्ता अन्ना हज़ारे ने रविवार को भारत के पूर्व सैनिकों के विरोध - प्रदर्शन में पहुंचकर उनकी वन रैंक वन पेंशन की मांग का समर्थन किया .
156,सबसे बड़े खिलाड़ी ब्रांड की टॉप 20 सूची में 9वें नंबर पर हैं भारतीय वनडे कप्तान .
157,लंदन स्कूल ऑफ़ मार्केटिंग की ओर से जारी सूची में धोनी नौंवे स्थान पर हैं और इकलौते क्रिकेटर हैं .
158,यौन उत्पीड़न शिकायतों पर नीति में सुधार लाएगा जेएनयू .
159,यौन उत्पीड़न नीति में सुधार लाएगा जवाहरलाल नेहरू विश्वविद्यालय .
160,व्यापमं घोटाला :
161,पुलिस ने व्हिसलब्लोअर की पत्नी से जब्त किए 10 लाख रुपये .
162,व्यापमं :
163,व्हिसल ब्लोअर की पत्नी के पास मिले 10 लाख .
164,इस रकम के बारे में मेघना पुलिस को ‘ संतोषजनक जवाब ’ नहीं दे सकीं .
165,पुलिस का कहना है कि इतने रुपए कहां से आए मेघना इस बारे में जानकारी नहीं दे पाईं .
166,उत्तर प्रदेश सरकार ने बलात्कार के मामले के गवाह अखिल गुप्ता की हत्या के मामले की सीबीआई जांच की सिफारिश कर दी .
167,यूपी सरकार ने मुख्य गवाह अखिल गुप्ता की हत्या की सीबीआई जांच के लिए सरकार को पत्र लिखा .
168,हेमा मालिनी ने एक्सीडेंट के बाद पहली बार ट्वीटर पर अपनी प्रतिक्रिया देते हुए हादसे के लिए मृत बच्ची चिन्नी के पिता को दोषी ठहराया है .
169,हेमा मालिनी ने अपने ट्‍वीट में हादसे में मारी गई बच्ची के पिता को दोषी ठहराया है .
170,भारतीय कप्तान महेंद्र सिंह धोनी के 34वें जन्मदिन पर आज क्रिकेट जगत की तमाम हस्तियों ने कैप्टन कूल को बधाइयां दी हैं .
171,महेंद्र सिंह धोनी को उनके 34वें जन्मदिन पर पूरे क्रिकेट जगत ने बधाई दी .
172,पूर्व राष्ट्रपति कलाम का पार्थिव शरीर आज नई दिल्ली लाया जाएगा .
173,पूर्व राष्ट्रपति कलाम का पार्थिव शरीर विशेष विमान से आज दिल्ली लाया जाएगा .
174,कलाम का पार्थिव शरीर लेने एयरपोर्ट जायेंगे मोदी .
175,कलाम का पार्थिव शरीर लेने नई दिल्ली एयरपोर्ट जायेंगे प्रधानमंत्री नरेंद्र मोदी .
176,दीनानगर आतंकी हमले में अपनी जान न्यौच्छावर करने वाले एसपी ( डी ) बलजीत सिंह की सेवाओं को मान्यता देते हुये पंजाब सरकार ने उनके पुत्र को डीएसपी नियुक्त करने सहित परिवार को 25 लाख रूपये की एक्सग्रशिया ग्रांट देने का निर्णय किया है .
177,पंजाब सरकार ने दीनानगर आतंकवादी हमले में शहीद हुए पुलिस अधीक्षक बलजीत सिंह के पराक्रम को स्वीकार करते हुए उनके परिवार को 25 लाख रुपए के मुआवजे के अलावा उनके बेटे को पुलिस उपाधीक्षक नियुक्त करने का निर्णय किया है .
178,पूर्व राष्ट्रपति ए पी जे अब्दुल कलाम का सोमवार को निधन हो गया .
179,पूर्व राष्ट्रपति भारत रत्न ए पी जे अब्दुल कलाम का दिल का दौरा पड़ने से निधन हो गया .
180,सितम्बर माह से 72 दिनों के लिए दक्षिण अफ्रीकी क्रिकेट टीम भारत में मैराथन दौरा करेगी .
181,भारतीय क्रिकेट कंट्रोल बोर्ड ( बीसीसीआई ) ने सोमवार को साउथ अफ्रीका और भारत के बीच सितंबर से दिसंबर में होने वाले सीरीज के मैचों का ऐलान कर दिया है .
182,श्रीलंका ने पाकिस्तान को बड़े अंतर से हराया ।
183,श्रीलंका ने पाकिस्तान को पांचवे वनडे में करारी शिकश्त दी ।
184,धोनी ने रोनाल्डो और मेस्सी को पछाड़ा .
185,रोनाल्डो और मेस्सी से भी आगे निकले धोनी .
186,आईसीसी वर्ल्ड ट्वेंटी-20 फ़ाइनल की मेज़बानी कोलकाता करेगा .
187,कोलकाता करेगा वर्ल्ड ट्वेंटी-20 टूर्नामेंट फ़ाइनल की मेज़बानी .
188,भारत इस बार टी-20 विश्व कप की मेज़बानी कर रहा है .
189,भारत इस बार वर्ल्ड ट्वेंटी-20 टूर्नामेंट की मेजबानी कर रहा है .
190,गुरदासपुर में आतंकी वारदात के बाद राजस्‍थान में भी अलर्ट जारी .
191,गुरदासपुर आतंकी हमले के बाद राजस्‍थान में भी अलर्ट जारी .
192,13 वोटों से बच गई रमन सिंह की सरकार .
193,रमन सिंह सरकार के खिलाफ अविश्वास प्रस्ताव 13 वोटों से गिर गया .
194,मेजबान न्यूजीलैंड को हराकर टीम इंडिया प्लेऑफ पहुंची .
195,मेजबान न्यूजीलैंड को हराकर टीम इंडिया डेविस कप के प्लेऑफ में पहुंची .
196,सानिया मिर्जा और मार्टिना हिंगिस ने विंबलडन महिला युगल का खिताब जीता .
197,भारत की सानिया मिर्जा और स्विट्ज़रलैंड की मार्टिना हिंगिस ने विंबलडन महिला युगल का खिताब जीता .
198,सेमीफाइनल्स में भारत और पाकिस्तान के बीच शुक्रवार को हुआ महामुकाबला 2-2 से बराबरी पर छूटा .
199,भारत और पाकिस्तान के बीच सेमीफाइनल 2-2 से ड्रा हुआ .
200,' किंग ऑफ फुटबॉल ' पेले की अस्पताल से छुट्टी .
201,74 वर्षीय ब्राजिलियन फुटबॉलर पेले की अस्पताल से सर्जरी के बाद छुट्टी मिल गई है .
202,व्यापम घोटाले की जांच कर रही सीबीआई ने हाल में एक नई एफआईआर दर्ज की .
203,व्यापम घोटाले में सीबीआई ने नई एफआईआर दर्ज की .
204,"डॉ. कलाम के निधन पर बॉलीवुड भी दुखी NULL , NULL अमिताभ , NULL शाहरुख ने जताया शोक ।"
205,डॉ. कलाम के निधन पर बॉलीवुड ने जताया शोक ।
206,जूही ' चॉक एंड डस्टर ' फिल्म में एक शिक्षिका की भूमिका में नजर आएंगी .
207,जूही अपनी आने वाली अगली फिल्म में एक शिक्षिका की भूमिका में नजर आएंगी .
208,' बजरंगी भाईजान ' ने 10 दिन में दुनिया भर में 425 करोड़ कमाकर ' बाहुबली ' को पीछे छोड़ दिया है .
209,' बजरंगी भाईजान ' ने 10 दिन में दुनिया भर में कमाए 425 करोड़ .
210,देश की पहली बुलेट ट्रेन कॉरीडोर को तैयार करने में करीब 1 लाख करोड़ रुपये खर्च होंगे .
211,देश की पहली बुलेट ट्रेन कॉरीडोर को तैयार करने के लिए खर्च करने होंगे करीब 1 लाख करोड़ रुपये .
212,आईआरसीटीसी ने 21 रेलवे स्टेशनों पर ऑनलाइन कैब एवं कुली की बुकिंग की सुविधा शुरू की है .
213,21 रेलवे स्टेशनों पर शुरू हुई आईआरसीटीसी की कैब एवं कुली बुकिंग सुविधा .
214,इंडोनेशिया के पपुआ प्रांत में भूकंप के जबरदस्त झटके महसूस किए गए हैं .
215,न्यू होराइजंस प्लूटो के अभियान पर गया पहला अंतरिक्षयान है .
216,नासा का न्यू होराइजंस प्लूटो के अभियान पर गया पहला अंतरिक्षयान है .
217,फ्लोरिडा में खुला पहला भारतीय - अमेरिकी रिटायरमेंट रिजॉर्ट .
218,फ्लोरिडा के टेवरेस शहर में खोला गया पहला भारतीय - अमेरिकी रिटायरमेंट रिजॉर्ट .
219,ब्रिटेन के उच्च सदन ‘ हाउस ऑफ लॉडर्स ’ के डिप्टी स्पीकर जॉन सेवेल एक ड्रग स्कैंडल में फंस गए हैं .
220,ड्रग्स लेते पकड़े गए ब्रिटिश पार्लियामेंट के डिप्टी स्पीकर जॉन सेवेल .
221,चीन में बन रही दुनिया की सबसे बड़ी दूरबीन का साइज़ 30 फुटबॉल ग्राउंड के बराबर है .
222,चीन अमेरिका को अंतरिक्ष विज्ञान में चुनौती देने के लिए बना रहा है दुनिया की सबसे बड़ी दूरबीन .
223,राजस्थान में भारी बारिश से बाढ़ के हालात पैदा हो गए है .
224,लगातार बारिश से राजस्थान में बाढ़ के हालात पैदा हो गए है .
225,हरियाणा हाईकोर्ट ने जाट आरक्षण को रद्द कर दिया है .
226,पंजाब एवं हरियाणा हाईकोर्ट ने हरियाणा में जाट आरक्षण पर रोक लगा दी है .
227,हिमाचल प्रदेश के जम्मू के साथ लगती सीमा पर सुरक्षाबलों ने चौकसी बढ़ा दी है .
228,गुरदासपुर हमले के बाद सुरक्षाबलों ने हिमाचल प्रदेश में भी चौकसी बढ़ा दी है .
229,नक्सलियों का शहीदी सप्ताह शुरू होने पर राज्य में सुरक्षा बढ़ा दी गई है .
230,शहीदी सप्ताह के चलते प्रदेश में हाई अलर्ट जारी कर दिया गया है .
231,कलाम की श्रद्धांजलि के बाद लोकसभा और राज्यसभा की कार्यवाही स्थगित कर दी गई .
232,मंगलवार को कलाम की श्रद्धांजलि के बाद स्थगित हुई संसद की कार्यवाही .
233,रात 10 बजे खबर आई कि राष्ट्रपति ने दया याचिका खारिज कर दी ।
234,राष्ट्रपति ने याकूब मेमन की दया याचिका खारिज कर दी ।
235,गुरुवार को एक बार फिर राष्ट्रपति प्रणव मुखर्जी ने याक़ूब की दया याचिका को खारिज कर दिया ।
236,राष्ट्रपति प्रणब मुखर्जी द्वारा याकूब की दया खारिज किए जाने के बाद अचानक एक नया मोड आ गया है ।
237,जस्टिस दीपक मिश्रा ने कहा कि वो इस मामले की सुनवाई घर पर नहीं NULL बल्कि खुली अदालत में करेंगे ।
238,सभी वकील जब जस्टिस मिश्रा के घर पहुंचे तो उन्होंने घर पर याचिका सुनने के बजाय सुप्रीम कोर्ट की खुली अदालत में तड़के ढाई बजे सुनवाई करने का निर्णय किया ।
239,तीन जजों की बेंच ने याकूब के वकीलों की नई अर्जी को सुनने के बाद उसे खारिज कर दिया ।
240,तीन जजों की इस लार्जर बेंच ने बुधवार को वकीलों की नई अर्जी को सुनने के बाद याकूब की फांसी को बरकरार रखा ।
241,सुप्रीम कोर्ट ने याकूब मेमन की दलील खारिज कर दी कि उसे 14 दिन की मोहलत नहीं मिली ।
242,सुप्रीम कोर्ट ने याकूब मेमन की दलीलें खारिज कर दी और फांसी को बरकरार रखा ।
243,भारत के इतिहास में पहली बार रात को दो बजे सुप्रीम कोर्ट खोला गया और 3 बजकर 20 मिनट पर सुनवाई शुरू हुई ।
244,देश के इतिहास में यह पहली बार हुआ है कि सुप्रीम कोर्ट ने किसी केस में रात को सुनवाई की हो ।
245,वाज का यह बयान कांग्रेस सांसद शशि थरूर के ऑक्सफोर्ड यूनियन में दिए गए हालिया भाषण की प्रतिक्रिया में आया है ।
246,कीथ ने यह मांग कांग्रेस सांसद शशि थरूर के ऑक्सफोर्ड यूनियन में दिए गए हालिया भाषण की प्रतिक्रिया में की है ।
247,ब्रिटिश भारतीय सांसद कीथ वाज ने विश्व प्रसिद्ध कोहिनूर हीरा भारत को लौटाने की मांग की है ।
248,ब्रिटिश भारतीय सांसद कीथ वाज ने विश्व प्रसिद्ध कोहिनूर हीरा भारत को लौटाने का आज आह्वान किया ।
249,ब्रिटिश भारतीय सांसद कीथ वाज ने नवंबर में प्रधानमंत्री नरेंद्र मोदी के ब्रिटेन के संभावित दौरे के समय विश्व प्रसिद्ध कोहिनूर हीरा भारत को लौटाने का आज आह्वान किया ।
250,1993 मुंबई सीरियल ब्लास्ट के दोषी याकूब मेमन को नागपुर जेल में फांसी दी गई ।
251,याकूब मेमन को नागपुर की सेंट्रल जेल में फांसी दी गई ।
252,मुंबई बम धमाकों के दोषी याकूब मेमन को फांसी पर लटका दिया गया ।
253,1993 में मुंबई बम धमाकों के दोषी याकूब मेमन को आज नागपुर जेल में फांसी दे दी गई ।
254,मुंबई सीरियल ब्लास्ट के गुनहगार याकूब मेमन को सुबह साढ़े छह बजे नागपुर केंद्रीय कारागार में फांसी दे दी गई ।
255,मुंबई में 1993 में हुए सिलसिलेवार बम धमाकों के दोषी याकूब मेमन को नागपुर केंद्रीय कारागार में फांसी दे दी गई है ।
256,महाराष्ट्र के मुख्यमंत्री याकूब की फांसी पर 11 बजे विधानसभा में बयान देंगे ।
257,याकूब मेमन की फांसी पर महाराष्ट्र के मुख्यमंत्री देवेंद्र फडणवीस विधानसभा में बयान देंगे ।
258,महाराष्ट्र के मुख्यमंत्री देवेंद्र फडणवीस विधानसभा में दोपहर 11 बजे याकूब की फांसी के मामले पर बयान दे सकते हैं ।
259,इससे पहले बीती रात याकूब मेमन के भाई सुलेमान को नागपुर के होटल में गोपनीय चिट्ठी दी गई ।
260,याकूब मेमन के भाई सुलेमान मेमन को रात 2:13 बजे एक सील बंद लिफाफा दिया ।
261,याकूब के भाई सुलेमान को सील बंद लिफाफा कल रात 2.30 बजे दिया गया ।
262,चिकित्सकों ने औपचारिक तौर पर याकूब को मृत घोषित कर दिया ।
263,सुबह 7:01 बजे याकूब को मृत घोषि‍त कर दिया गया ।
264,डॉक्टर ने याकूब मेमन की मौत की पुष्टि‍ की ।
265,मुंबई के माहिम के बड़े कब्रिस्तान में याकूब को दफ्न किया जाएगा ।
266,याकूब को माहिम के कब्रिस्तान में दफनाया जाएगा ।
267,शव को परिजनों को सौंपने का फैसला किया गया है ।
268,सुबह 8:15 बजे शव को परिजन को सौंपने पर होगा फैसला ।
269,केन्द्र ने वारंगल को हेरिटेज सिटी के लिए चुना है ।
270,केन्द्र सरकार ने तेलंगाना में वारंगल को दूसरी बड़ी सिटी बनाने का एलान किया है ।
271,नीतिश ने मोदी पर पलट वार किया ।
272,बिहार के मुख़्य मंत्री ने प्रधानमंत्री को उल्टा जवाब दिया ।
273,वारंगल में लाखों लोगों ने पुष्कर स्नान किया ।
274,गोदावरी नदी वारंगाल में बहुत लोगों ने स्नान किया ।
275,दक्षिण की पिक्चर बाहुबली सुपरहिट हुई ।
276,बाहुबली फिल्म ने अपने नए रिकॉर्ड बनाए ।
277,तेलंगाना सरकार गाँवों के लिए विशेष योजना बनाएगी ।
278,गाँवों के लिए तेलंगाना सरकार की विशेष योजना बनाने का विचार किया ।
279,मुख्यमंत्री ने तेलंगाना में सभी को नौकरी देने का आश्वासन दिया ।
280,सभी बेरोज़गारों को तेलंगाना के मुख्यमंत्री ने नौकरी का वादा किया ।
281,चार भक्तों की एक दुर्घटना में मौत हुई ।
282,तिरुपति जाते हुए एक दुर्घटना में चार भक्तों का देहांत हुआ ।
283,आंध्र प्रदेश के राजामुंदरी शहर में गोदावरी नदी के तट पर मंगलवार सुबह शुरू हुए 12 दिवसीय पुष्कर मेले ( पुष्करालु ) में भगदड़ मचने से 27 श्रृद्धालुओं की मौत हो गई ।
284,आंध्र प्रदेश के राजमुंद्री में चल रहे पुष्कर मेले में मंगलवार को मची भगदड़ में मरने वालों की संख्या 27 हो गई है ।
285,आंध्र प्रदेश में राजमुंद्री पुष्कर घाट पर 12 दिन तक चलने वाले गोदावरी महा पुष्करम के पहले दिन आज सुबह मची भगदड़ में मृतकों की संख्या बढ़कर 27 हो गई है ।
286,मुख्यमंत्री एन. चंद्रबाबू नायडू ने मृतकों के आश्रितों को 10 - 10 लाख रुपये की आर्थिक मदद का ऐलान किया है ।
287,सरकार ने मरने वालों के परिजनों के लिए 10 लाख रुपए मुआवजे का ऐलान किया है ।
288,आंध्र प्रदेश सरकार ने मृतकों के परिजनों को दस - दस लाख रुपये की अनुग्रह राशि देने की घोषणा की है ।
289,चंद्रबाबू नायडू ने प्रत्येक मृतक के परिवार को 10 लाख रुपये की आर्थिक मदद देने की घोषणा की ।
290,इस बीच प्रधानमंत्री नरेंद्र मोदी ने पुष्करम महोत्सव के दौरान मची भगदड़ में श्रद्धालुओं की मौत पर दुख प्रकट किया है ।
291,प्रधानमंत्री नरेंद्र मोदी ने भगदड़ में मारे गए लोगों के प्रति दुख जताया है ।
292,"प्रधानमंत्री ने इस भगदड़ पर दुख जताते हुए ट्वीट करते हुए कहा , राजामुंदरी में भगदड़ से हुई मौत से काफी दुखी हूं ।"
293,"प्रधानमंत्री ने ट्वीट किया , राजामुंद्री में भगदड़ के कारण लोगों की मौत पर गहरा दुख हुआ है ।"
294,सरकार के द्वारा दावा किया गया था कि करीब 1600 करोड़ रुपये का खर्चा कर लोगों को उचित व्यवस्था दी जाएगी ।
295,सरकार ने इस पूरे पुष्कर स्नान का आयोजन करने के लिए इसकी ब्यवस्था के लिए अनुमानित 1600 करोड़ रूपये खर्च किये थे ।
296,डॉ. कलाम का पार्थिव शरीर रामेश्वरम पहुँचते ही अंतिम दर्शन के लिए भीड़ उमड़ पड़ी ।
297,रामेश्वरम में डॉ. कलाम के अंतिम दर्शन के लिए भीड़ उमड़ पड़ी ।
298,4 बदमाश पुलिस लाइन में सिपाही के मकान से सोने के जेवरात उड़ा ले गए ।
299,पुलिस लाइन में सिपाही के घर से सोने के जेवरात उड़ा ले गए बदमाश ।
300,ओसामा का साथी तालिबान प्रमुख खूंखार आतंकी मुल्ला उमर मारा गया ।
301,तालिबान प्रमुख खूंखार आतंकी मुल्ला उमर मारा गया ।
302,राजीव गांधी हत्याकांड मामले में सुप्रीम कोर्ट ने मृत्युदंड की मांग करने वाली याचिका को खारिज कर दिया है ।
303,राजीव गांधी हत्याकांड मामले में मृत्युदंड की मांग करने वाली याचिका को सुप्रीम कोर्ट ने खारिज कर दिया है ।
304,अमेरिका से ' आखिरी जंग ' और भारत पर हमले की तैयारी कर रहा आईएसआईएस ।
305,अमेरिका और भारत पर हमले की तैयारी कर रहा है आईएसआईएस ।
306,नेशनल सिक्युरिटी एडवाइजर अजीत डोभाल आईएसआईएस के हमले के लिए पहले ही आगाह कर चुके हैं ।
307,नेशनल सिक्युरिटी एडवाइजर अजीत डोभाल ने नवंबर में ही आईएसआईएस के हमले के लिए आगाह कर दिया था ।
308,"अमरनाथ जाने वाले रास्ते में बुधवार को ग्रेनेड से हमला किया गया , जिसके बाद सुरक्षा बढ़ा दी गई है ।"
309,अमरनाथ में ग्रेनेड से हमले के बाद सुरक्षा बढ़ाई गई ।
310,बाइक चलाते समय हेल्मेट न पहनना दो महिला पुलिस कॉन्स्टेबल को भारी पड़ गया ।
311,बिना हेल्मेट के बाइक चलाना दो महिला पुलिस कॉन्स्टेबल को भारी पड़ गया ।
312,चार दिन से चल रही बारिश के बीच मुख्यमंत्री ने प्रदेश के सभी अफसरों को अलर्ट रहने की सलाह दी है ।
313,भारी बारिश के चलते मुख्यमंत्री ने प्रदेश के सभी अफसरों को अलर्ट किया ।
314,माइक्रोसॉफ्ट ने 190 देशों में लांच किया नया विंडोज ।
315,190 देशों में लांच हुआ माइक्रोसॉफ्ट का विंडोज 10 ।
316,बीसीसीआई श्रीसंथ और चव्हाण पर से लाइफटाइम बैन नहीं हटाएगी ।
317,बीसीसीआई ने एस. श्रीसंथ और अंकित चव्हाण पर से लाइफटाइम बैन हटाने से मना कर दिया है ।
318,पाकिस्तान ने सीजफायर का उल्लंघन किया जिसमें एक भारतीय जवान की मौत हो गई ।
319,पाकिस्तान की ओर से सीजफायर उल्लंघन में एक भारतीय जवान की मौत हो गई ।
320,एपीजे अब्दुल कलाम के रूप में भारत ने एक ‘ रत्न ’ खो दिया है ।
321,डॉ. कलाम के रूप में भारत ने एक अमूल्य रत्न को खोया है ।
322,केंद्र सरकार की स्मार्ट सिटी योजना के लिए उत्तर प्रदेश के 13 शहर चुने गए हैं ।
323,स्मार्ट सिटी योजना के लिए चुने गए उत्तर प्रदेश के 13 शहर ।
324,केंद्र सरकार ने स्मार्ट सिटी योजना के तहत देश के 100 शहरों को विकसित करने का लक्ष्य रखा है ।
325,स्मार्ट सिटी योजना के तहत देश के 100 शहरों को विकसित करेगी केंद्र सरकार ।
326,पूर्व राष्ट्रपति डॉक्टर एपीजे अब्दुल कलाम का अंतिम संस्कार आज तमिलनाडू के रामेश्वरम में किया जाएगा ।
327,तमिलनाडु के रामेश्वरम् में आज किया जाएगा डॉ. कलाम का अंतिम संस्कार ।
328,डॉ. कलाम के अंतिम संस्कार में शामिल होंगे पीएम मोदी और कई नेता ।
329,पूर्व राष्ट्रपति कलाम के अंतिम संस्कार में पीएम मोदी और राहुल गांधी समेत कई नेता शामिल होंगे ।
330,आसाराम बापू के सूरत रेप केस में अहम गवाह की हत्या हो गई ।
331,आसाराम बापू के सूरत बलात्कार मामले के गवाह की गोली मारकर हत्या हुई ।
332,35 - वर्षीय कृपाल सिंह मोटरसाइकिल पर सवार होकर अपने घर लौट रहे थे ।
333,शाहजहांपुर के मोहल्ला गदियाना चुंगी में रहने वाला 35 वर्षीय कृपाल सिंह कल रात करीब सवा आठ बजे मोटरसाइकिल से घर लौट रहा था ।
334,"सुप्रीम कोर्ट ने याकूब मेमन की याचिका खारिज की , NULL कल हो सकती है फांसी ।"
335,सुप्रीम कोर्ट ने याकूब की दया याचिका खारिज करते हुए कल फांसी देने के आर्डर जारी किये हैं ।
336,ऑस्ट्रेलिया की क्रिकेट टीम पर जमकर बरसे एंडरसन के इनस्विंगर्स ।
337,जेम्स एंडरसन ने अपनी स्विंग बोलिंग से सभी ऑस्ट्रेलिया के बल्लेबाज़ को परेशान कर दिया ।
338,सलमान खान की बजरंगी भाईजान ने चेन्नई एक्सप्रेस को पीछे छोड़ दिया है ।
339,बॉक्स ऑफिस पर दबदबा बनाई हुई बजरंगी भाईजान ने चेन्नई एक्सप्रेस के रिकॉर्ड को भी तोड़ दिया ।
340,एशेज के बाद क्रिस रोजर्स काउंटी क्रिकेट में लंकाशायर से खेलेंगे ।
341,क्रिस रोजर्स ने लंकाशायर से 2 साल का कॉन्ट्रैक्ट किया है ।
342,याकूब मेमन 1993 बॉम्बे बम धमाकों का एक आरोपी है जिस पर ठाढा में केस चल रहा है ।
343,ठाढा अदालत में ही 1993 धमाकों के आरोपी मेमन का केस चल रहा है ।
344,बीसीसीआई के सचिव अनुराग ठाकुर आज आईपीएल गवर्निंग कौंसिल से मुलाक़ात करेंगे ।
345,ठाकुर आज स्पॉट फिक्सिंग केस की रिपोर्ट आईपीएल गवर्निंग कौंसिल के सामने पेश करेंगे ।
346,तीन देशों की सीरीज में ज़्यादा रोमांच होता है जिससे फैंस स्टेडियम मैच देखने आते हैं ।
347,चेन्नई में जारी त्रिकोणीय श्रृंखला में स्टेडियम में खूब भीड़ देखने को मिल रही है ।
348,श्रीलंका और पाकिस्तान के बीच वनडे सीरीज के पांचवें व अंतिम मुकाबले में मेजबान श्रीलंकाई टीम ने 165 रनों से विशाल जीत दर्ज की ।
349,श्रीलंका ने पाँचवें और आख़िरी एक दिवसीय मैच में पाकिस्तान को 165 रनों के बड़े अंतर से हरा दिया है ।
350,लेकिन इसके बावजूद पाँच मैचों की सिरीज़ पाकिस्तान ने 3 - 2 से जीत ली है ।
351,हालांकि सीरीज में पहले ही अजेय बढ़त हासिल कर चुकी मेहमान पाकिस्तान टीम ने 3 - 2 से सीरीज जीत ली ।
352,श्रीलंका की तरफ से ओपनर कुसल परेरा ने सर्वाधिक 116 रनों की पारी खेली ।
353,कुसाल परेरा ने 109 गेंदों में 116 रनों की पारी खेली और श्रीलंका को जीत दिलाने में अहम भूमिका निभाई ।
354,पहले बल्लेबाज़ी करते हुए श्रीलंका ने 50 ओवरों में चार विकेट पर 368 रन बनाए ।
355,श्रीलंका ने टॉस जीतकर पहले बल्लेबाजी करने का फैसला किया और अपने तकरीबन सभी बल्लेबाजों के बेहतरीन प्रदर्शन के दम पर 50 ओवरों में 4 विकेट के नुकसान पर 368 रनों का विशाल स्कोर खड़ा कर दिया ।
356,जवाब में उतरी पाकिस्तान की टीम 37.2 ओवर में महज 203 रन के स्कोर पर सिमट गई ।
357,जवाब में पाकिस्तान की पूरी टीम 38 ओवर में 203 रन बनाकर आउट हो गई ।
358,इसके अलावा कप्तान एंजेलो मैथ्यूज ने 40 गेंदों पर नाबाद 70 रन NULL NULL और मिलिंदा सिरिवर्दना ने 26 गेंदों पर नाबाद 52 रनों की धुआंधार पारियां खेलीं ।
359,"कप्तान एंजेलो मैथ्यूज़ ने नाबाद 70 रन बनाए , जबकि सिरिवर्धने ने सिर्फ़ 26 गेंद पर 52 रन बना डाले ।"
360,"श्रीलंका की तरफ से सेनानायके ने सर्वाधिक तीन विकेट लिए जबकि थिसारा परेरा ने दो विकेट NULL , NULL वहीं गमागे , मैथ्यूज और सिरिवर्दने ने 1 - 1 विकेट झटका ।"
361,"ऑफ़ स्पिनर सचित्र सेनानायके ने 39 रन देकर तीन विकेट लिए और गमागे , मैथ्यूज और सिरिवर्दने को 1 - 1 विकेट मिला ।"
362,वनडे क्रिकेट में 10 हजार रन पूरे करते हुए तिलकरत्ने दिलशान ने 62 रनों की पारी खेली ।
363,तिलकरत्ने दिलशान ने 62 रन बनाए NULL जिसके साथ ही वे वनडे में 10 हज़ार से ज़्यादा रन बनाने वाले दुनिया के 11वें खिलाड़ी बन गए ।
364,संजय दत्त बुधवार को 56 साल के हो गए ।
365,बॉलिवुड अभिनेता संजय दत्त ने बुधवार को अपना 56 वां जन्मदिन मनाया ।
366,इस खास मौके पर उनकी पत्नी मान्यता दत्त ने पुणे स्थित यरवडा जेल जाकर उनसे मुलाकात की ।
367,संजय से मिलने के लिए उनके कुछ क़रीबी लोगों के साथ उनकी पत्नी मान्यता दत्त उनसे मिलने के लिए पुणे स्थित यरवडा जेल गईं ।
368,चेन्नई में खेले जा रहे भारत - ए और ऑस्ट्रेलिया - ए के बीच दूसरे चार दिवसीय गैर आधिकारिक टेस्ट मैच के पहले ही दिन मेजबान टीम की शुरुआत बहुत खराब रही ।
369,इंडिया - ए और ऑस्ट्रेलिया - ए की टीमों के बीच शुरू हुए दूसरे गैरआधिकारिक टेस्ट का पहला दिन भारतीय टीम के लिए बेहद खराब साबित हुआ ।
370,भारतीय पारी 68.5 ओवर में 135 रन बनाकर सिमट गई ।
371,पूरी टीम महज 135 के स्कोर पर सिमट गई ।
372,ऑस्ट्रेलिया - ए की तरफ से गुरिंदर संधू ने सर्वाधिक 3 विकेट झटके ।
373,भारतीय मूल के तेज गेंदबाज गुरिंदर संधू ने शानदार गेंदबाजी की और 25 रन देकर 3 विकेट झटके ।
374,मुंबई बम धमाके में दोषी याकूब मेमन को लंबी कानूनी जद्दोजहद के बाद नागपुर सेंट्रल जेल में फांसी दे दी गई ।
375,मुंबई सीरियल ब्लास्ट के गुनहगार याकूब मेमन को सुबह साढ़े छह बजे नागपुर केंद्रीय कारागार में फांसी दे दी गई ।
376,पांच मैचों की श्रृंखला में अब तक हुए दो मैचों में दोनों ही टीमें 1 - 1 से बराबरी पर हैं ।
377,फिलहाल एशेज में दोनों ही टीमें 1 - 1 की बराबरी पर हैं ।
378,पूर्व राष्ट्रपति एपीजे अब्दुल कलाम का आज उनके गृहनगर रामेश्वरम में सुबह करीब 11 बजे पूरे राजकीय सम्मान के साथ अंतिम संस्कार किया जाएगा ।
379,आज पूर्व राष्ट्रपति एपीजे अब्दुल कलाम को उनके घर रामेश्वरम में दफ़न किया जाएगा ।
380,सौरव गांगुली को भारतीय क्रिकेट टीम का कोच बनाने की बात चल रही है ।
381,सौरव गांगुली बन सकते हैं भारतीय क्रिकेट टीम के नए कोच ।
382,सौरव गांगुली का जन्म वेस्ट बंगाल के कलकत्ता में हुआ था ।
383,गांगुली कलकत्ता में जन्मे थे ।
384,नई दिल्ली में आज मेट्रो की एक नई लाइन का उदघाटन होने वाला है ।
385,दिल्ली मेट्रो शुरू करेगी आज अपनी एक नई लाइन ।
386,उत्तर प्रदेश के मुख्य मंत्री अखिलेश यादव ने आज बच्चों में लैपटॉप बाँटें ।
387,एक सभा के दौरान मुख्य मंत्री ने लैपटॉप वितरण का कार्य शुरू किया ।
388,शत्रुघन सिन्हा कर सकते हैं यश राज की फिल्म्स से वापसी ।
389,मनीष झा ने अपनी नई फिल्म के लिए शत्रुघन सिन्हा को लेने की इच्छा की है ।
390,अजय देवगन की दृश्यम कल होगी रिलीज़ ।
391,दृश्यम के कल रिलीज़ होने पर खुश हैं अजय देवगन ।
392,इन हमलावरों के ख़िलाफ़ पूरे दिन भर चली कार्रवाई में चरमपंथियों समेत 10 लोग मारे गए ।
393,इस गोलाबारी में 8 चरमपंथियों और 3 पुलिस वाले मारे गए ।
394,दीनानगर पहुँचते - पहुँचते मेरी बस ख़चाख़च भरी हुई थी ।
395,दीनानगर स्टॉप के बाद बस लगभग पूरी तरह भरी हुई थी ।
396,अपनी बस को मैंने सीधे सरकारी अस्पताल में घुसा दिया ।
397,बस को लेकर मैं सरकारी अस्पताल में घुस गया ।
398,अगर मेरी कनपटी पर भी गोली लग जाती तो फिर बस में कोई नहीं बचता ।
399,मुझे गोली लगने पर बस में किसी की जान नहीं बचती ।
400,पीटर मूर्स वर्ल्ड कप के बाद डेटा को ज़्यादा महत्त्व नहीं देते हैं ।
401,मूर्स अब डेटा के बजाए प्रैक्टिस पर ज़्यादा ज़ोर देते हैं ।
402,श्री लंका टेस्ट के लिए हरभजन सिंह की टेस्ट टीम में वापसी ।
403,श्री लंका टेस्ट सीरीज के लिए हरभजन सिंह को टीम में लिया गया है ।
404,रोबिन उथप्पा और गौतम गंभीर को अभी और इंतज़ार करना होगा ।
405,उथप्पा और गंभीर को टेस्ट टीम में वापसी के लिए और जद्दोजेहद करनी होगी ।
406,सुनील शेट्टी की बेटी करेंगी ' हीरो ' से अपना करियर शुरू ।
407,सुनील शेट्टी की बेटी अथिया की पहली फिल्म है ' हीरो ' ।
408,' फैंटम ' के निर्देशक कबीर खान ने कहा कि वह कमर्शियल सिनेमा करना चाहते हैं ।
409,कबीर खान अब कमर्शियल सिनेमा में अपना हाथ आज़माएंगे ।
410,शाहरुख़ खान की अगली फिल्म में होंगी पाकिस्तानी अदाकारा माहिर खान ।
411,शाहरुख़ खान अपनी अगली फिल्म में माहिर खान के साथ रोमांस करेंगे ।
412,दिल्ली में प्रदूषण में कार्बन मोनो ऑक्साइड की मात्रा में तेज़ उछाल देखने को मिला है ।
413,दिल्ली की हवा में कार्बन मोनोऑक्साइड सामान्य स्तर से ऊपर पहुंचा ।
414,कलाम पोखरण में हुए न्युक्लिअर टेस्ट की अगुवाई कर रहे थे ।
415,न्युक्लिअर टेस्ट के पीछे कलाम का ही दिमाग था ।
416,उन्होंने फ्रांस के कई साइंटिस्ट्स के साथ मिलकर इस प्रोजेक्ट पर काम किया था ।
417,यूरोप के कई साइंटिस्ट्स उनके साथ इस प्रोजेक्ट में मौजूद थे ।
418,विराट कोहली और धोनी को श्री लंका दौरे के लिए मानसिक तौर पर तैयार होना होगा ।
419,कोहली और धोनी के लिए यह होगा मानसिक टेस्ट ।
420,पाकिस्तान कर सकता है दिसंबर में न्यूजीलैंड का दौरा ।
421,पाकिस्तान के डायरेक्टर ने इशारा दिया है कि पाकिस्तानी टीम दिसंबर में न्यूजीलैंड जा सकती है ।
422,वर्षों बाद बीते सोमवार को पंजाब के गुरुदासपुर के दीनानगर में चरमपंथी हमला हुआ था ।
423,पंजाब के गुरुदासपुर के दीनानगर में हुआ चरमपंथी हमला ।
424,हमलावरों ने तड़के एक बस पर गोलियां चलाईं ।
425,हमलावरों ने सुबह सुबह एक बस को अपनी गोलियों का निशाना बनाया ।
426,एक साल पहले इस विमान को पूर्वी यूक्रेन के ऊपर मार गिराया गया था और इस पर सवार सभी 298 लोग मारे गए थे ।
427,पिछले साल विमान को पूर्वी यूक्रेन में एक मिसाइल से मार गिराया गया था ।
428,इस घटना में विमान पर सवार सभी लोग मारे गए NULL जिनमें ज्यादातर डच नागरिक थे ।
429,इस विमान में सवार ज़्यादातर यात्री डच थे ।
430,कलाम को भारत रत्न उनकी सफलताओं के लिए दिया गया था ।
431,कलाम ने भारत रत्न अपनी सफलताओं के कारण पाया ।
432,"मलेशिया , नीदरलैंड्स , ऑस्ट्रेलिया , बेल्जियम और यूक्रेन की तरफ़ से संयुक्त राष्ट्र सुरक्षा परिषद में ट्राब्यूनल बनाने संबंधी प्रस्ताव रखा गया था ।"
433,"ऑस्ट्रेलिया , बेल्जियम और यूक्रेन की तरफ़ से भी यह प्रस्ताव सामने आया है ।"
